ImageId,EncodedPixels
001839c6f.jpg,1 2
006ba5b3b.jpg,1 2
008c79db7.jpg,1 2
008f038d3.jpg,1 2
009bc4be5.jpg,1 2
00dc34840.jpg,1 2
00de449b2.jpg,1 2
00e90efc3.jpg,1 2
00f2183ab.jpg,1 2
0133a2f8b.jpg,1 2
016053b1c.jpg,1 2
01979ea61.jpg,1 2
01b9fc445.jpg,1 2
01ea60cb4.jpg,1 2
020a5f9f6.jpg,1 2
0217ce940.jpg,1 2
0236333a3.jpg,1 2
028db939e.jpg,1 2
02f5ace41.jpg,1 2
02f9a76fa.jpg,1 2
03035a946.jpg,1 2
037685183.jpg,1 2
03a75a583.jpg,1 2
03b2ba742.jpg,1 2
03bf65b78.jpg,1 2
03ccbbdea.jpg,1 2
0435d1844.jpg,1 2
047a32391.jpg,1 2
04abccb27.jpg,1 2
04c4ebbcf.jpg,1 2
0507f2132.jpg,1 2
050f14aa8.jpg,1 2
056baa4c6.jpg,1 2
05aa2ceb6.jpg,1 2
05ff0425e.jpg,1 2
063267bc4.jpg,1 2
06b28bfa8.jpg,1 2
06c70bb1c.jpg,1 2
074b10374.jpg,1 2
075e52ae7.jpg,1 2
077833511.jpg,1 2
07b4b399d.jpg,1 2
07e0273ef.jpg,1 2
07e570441.jpg,1 2
080e033c7.jpg,1 2
082da365f.jpg,1 2
084f72bfc.jpg,1 2
0882f54c9.jpg,1 2
088439efa.jpg,1 2
08ef70bf7.jpg,1 2
09182afd4.jpg,1 2
094cdb64d.jpg,1 2
09674a357.jpg,1 2
09831bd6e.jpg,1 2
0993c230e.jpg,1 2
09b135a5a.jpg,1 2
09c1c126c.jpg,1 2
09d4e4854.jpg,1 2
09dc5ba6b.jpg,1 2
0a1c73921.jpg,1 2
0a32fd852.jpg,1 2
0a5b81e4f.jpg,1 2
0a71d2b17.jpg,1 2
0a973c966.jpg,1 2
0ada12ca9.jpg,1 2
0af2a41e9.jpg,1 2
0b2717048.jpg,1 2
0b42ceb19.jpg,1 2
0b4bb2032.jpg,1 2
0b7f82ff9.jpg,1 2
0c24ec954.jpg,1 2
0c4896b36.jpg,1 2
0ce71f9e0.jpg,1 2
0da05e7a6.jpg,1 2
0da1ee610.jpg,1 2
0da2ac5ef.jpg,1 2
0dacffb05.jpg,1 2
0dc184e63.jpg,1 2
0e0e99104.jpg,1 2
0e1666745.jpg,1 2
0e9032858.jpg,1 2
0e9056eea.jpg,1 2
0ebbcf662.jpg,1 2
0ecd51a56.jpg,1 2
0ef11bd94.jpg,1 2
0f262ab8b.jpg,1 2
0f959ff1c.jpg,1 2
0fa3c215e.jpg,1 2
0faca8833.jpg,1 2
0fd25d32b.jpg,1 2
0fee33491.jpg,1 2
101eedf5b.jpg,1 2
1082b8324.jpg,1 2
111bf58bc.jpg,1 2
11a517668.jpg,1 2
11d26f790.jpg,1 2
125b0c68a.jpg,1 2
12745cfb2.jpg,1 2
12c3816d7.jpg,1 2
12f488ddb.jpg,1 2
1344f02b1.jpg,1 2
13636f237.jpg,1 2
136c36c5d.jpg,1 2
13af74d59.jpg,1 2
13f607a70.jpg,1 2
1474668e9.jpg,1 2
1480205eb.jpg,1 2
1520db360.jpg,1 2
154df3bc2.jpg,1 2
1596cee1d.jpg,1 2
15b08e211.jpg,1 2
161d853f3.jpg,1 2
164587fa6.jpg,1 2
16ac264a7.jpg,1 2
1735a810a.jpg,1 2
175b56533.jpg,1 2
176db22b5.jpg,1 2
1797e2cca.jpg,1 2
17ccafed3.jpg,1 2
17e2e6a80.jpg,1 2
1870515c4.jpg,1 2
18981ac87.jpg,1 2
18a3cad95.jpg,1 2
18bbe1662.jpg,1 2
18e132a8d.jpg,1 2
18f93631d.jpg,1 2
190369a18.jpg,1 2
192409652.jpg,1 2
192448afd.jpg,1 2
1939c0908.jpg,1 2
199486793.jpg,1 2
1a454430e.jpg,1 2
1a5314591.jpg,1 2
1ac8ea478.jpg,1 2
1af5d0160.jpg,1 2
1b390dca0.jpg,1 2
1b4761899.jpg,1 2
1bc53da9b.jpg,1 2
1bcf02567.jpg,1 2
1bedfc636.jpg,1 2
1bf4c5a93.jpg,1 2
1bfba066e.jpg,1 2
1c183bb56.jpg,1 2
1c239d1c1.jpg,1 2
1c2fb4e86.jpg,1 2
1c6e9ab91.jpg,1 2
1ce336de5.jpg,1 2
1ce7d3818.jpg,1 2
1cf417b95.jpg,1 2
1cfcb2535.jpg,1 2
1d0b5b99d.jpg,1 2
1d33c9a67.jpg,1 2
1d5262bc1.jpg,1 2
1d61b0efd.jpg,1 2
1d8fca227.jpg,1 2
1daee32c2.jpg,1 2
1dbbc97af.jpg,1 2
1e5a74e59.jpg,1 2
1e98d3cf5.jpg,1 2
1f260748c.jpg,1 2
1f2dcc4f9.jpg,1 2
1fa72f33b.jpg,1 2
1fbd02b97.jpg,1 2
1fccec5c7.jpg,1 2
1fcfe352d.jpg,1 2
1fd7dd470.jpg,1 2
202d4660c.jpg,1 2
206c512f4.jpg,1 2
20817d069.jpg,1 2
212e47ee1.jpg,1 2
216844bd9.jpg,1 2
21827ae0c.jpg,1 2
21d469d75.jpg,1 2
22045c57e.jpg,1 2
225d91505.jpg,1 2
228093671.jpg,1 2
22bffd91c.jpg,1 2
22debbbe0.jpg,1 2
22e71bc6b.jpg,1 2
238580e57.jpg,1 2
23885a547.jpg,1 2
238f55966.jpg,1 2
23b5f3262.jpg,1 2
24007f6b5.jpg,1 2
242d70b26.jpg,1 2
2468d19d6.jpg,1 2
249cb920f.jpg,1 2
24cf46dc0.jpg,1 2
2517157cd.jpg,1 2
2539e5ac1.jpg,1 2
25a0894f6.jpg,1 2
25bd96742.jpg,1 2
25caf94f9.jpg,1 2
2634813fc.jpg,1 2
26799616d.jpg,1 2
26c7edd35.jpg,1 2
26df69da8.jpg,1 2
2747c70b7.jpg,1 2
275398912.jpg,1 2
27a7a277c.jpg,1 2
27adda3a2.jpg,1 2
27c9af877.jpg,1 2
27d8b55ae.jpg,1 2
280d33118.jpg,1 2
2818298c4.jpg,1 2
286b927ab.jpg,1 2
287e3189b.jpg,1 2
28c8fdab3.jpg,1 2
28d510fd5.jpg,1 2
28e3c9808.jpg,1 2
2912fb660.jpg,1 2
2940d174b.jpg,1 2
29630f39e.jpg,1 2
296580f11.jpg,1 2
296e0c3ba.jpg,1 2
2a3d6f92c.jpg,1 2
2a645cd4b.jpg,1 2
2ad4f8a7d.jpg,1 2
2b135cbfe.jpg,1 2
2b14246d4.jpg,1 2
2b164660b.jpg,1 2
2b21be019.jpg,1 2
2b2acb3c7.jpg,1 2
2b2e3e3c3.jpg,1 2
2be900e83.jpg,1 2
2bed3d371.jpg,1 2
2bf8fa218.jpg,1 2
2c150285b.jpg,1 2
2c20d1722.jpg,1 2
2c89207ea.jpg,1 2
2c9297870.jpg,1 2
2d0bfb71d.jpg,1 2
2d15a93d7.jpg,1 2
2d41bb376.jpg,1 2
2d49615bd.jpg,1 2
2d834ba99.jpg,1 2
2d8c966e2.jpg,1 2
2d8d5447f.jpg,1 2
2dfea414d.jpg,1 2
2e954644e.jpg,1 2
2ea1e3b41.jpg,1 2
2ec4bca9b.jpg,1 2
2ee6d0b97.jpg,1 2
2f23f26e9.jpg,1 2
2f48628b1.jpg,1 2
2f525c479.jpg,1 2
2f89f16ca.jpg,1 2
2fa30c567.jpg,1 2
2fb31fd57.jpg,1 2
2fc68f310.jpg,1 2
30166a9b0.jpg,1 2
3046b8d81.jpg,1 2
304a2a519.jpg,1 2
304a40ce3.jpg,1 2
306f85ffc.jpg,1 2
30757a46c.jpg,1 2
311f17c81.jpg,1 2
314022107.jpg,1 2
3182d9218.jpg,1 2
318c9940e.jpg,1 2
31c4cfcd1.jpg,1 2
32175bd02.jpg,1 2
3274c7cf2.jpg,1 2
32b21efed.jpg,1 2
3321b405e.jpg,1 2
33304bdef.jpg,1 2
33543173b.jpg,1 2
3361ef188.jpg,1 2
339671d92.jpg,1 2
339ed8c8a.jpg,1 2
33a038a3f.jpg,1 2
33c749b3a.jpg,1 2
34435f1b9.jpg,1 2
346a9035a.jpg,1 2
346bd7c18.jpg,1 2
34b027cee.jpg,1 2
35331d80b.jpg,1 2
35448bede.jpg,1 2
35461188a.jpg,1 2
355af9c87.jpg,1 2
3562c4a91.jpg,1 2
35a573705.jpg,1 2
35a657a3a.jpg,1 2
35c9efd5d.jpg,1 2
35e991747.jpg,1 2
36042a69b.jpg,1 2
361aed61f.jpg,1 2
3647a7ffe.jpg,1 2
368ae2260.jpg,1 2
368eb31f5.jpg,1 2
36aa28a7e.jpg,1 2
36cc4738f.jpg,1 2
36d184de7.jpg,1 2
37c93115b.jpg,1 2
37ded3632.jpg,1 2
37ed9f3c9.jpg,1 2
37f67d591.jpg,1 2
38030bd10.jpg,1 2
381453ce3.jpg,1 2
3819832d8.jpg,1 2
3821c1e57.jpg,1 2
38a3440e1.jpg,1 2
38cbd0e5c.jpg,1 2
38d5aca80.jpg,1 2
392934a44.jpg,1 2
39cd45793.jpg,1 2
39db148db.jpg,1 2
3a063824b.jpg,1 2
3a1539086.jpg,1 2
3a3db524f.jpg,1 2
3a45afb76.jpg,1 2
3a836ee7c.jpg,1 2
3ac14d6e9.jpg,1 2
3b07190c1.jpg,1 2
3b0d1d4b2.jpg,1 2
3b31feab6.jpg,1 2
3b62f76db.jpg,1 2
3b8809e67.jpg,1 2
3b995025f.jpg,1 2
3c47d1114.jpg,1 2
3c9032ae1.jpg,1 2
3c9f6c07e.jpg,1 2
3cb4146d8.jpg,1 2
3cd88d4ef.jpg,1 2
3cfab5f4f.jpg,1 2
3d10f9f75.jpg,1 2
3d37cc61e.jpg,1 2
3d5c8284a.jpg,1 2
3d99fe80e.jpg,1 2
3db02dccf.jpg,1 2
3dd6192d1.jpg,1 2
3e107b9d7.jpg,1 2
3e26d0be3.jpg,1 2
3e2f75a40.jpg,1 2
3e3b6f5e6.jpg,1 2
3e7b7a597.jpg,1 2
3f2de173b.jpg,1 2
3f83c7a20.jpg,1 2
3f90eb00f.jpg,1 2
3f9bc88c3.jpg,1 2
3faa6a38d.jpg,1 2
3fd99359a.jpg,1 2
401c9b26a.jpg,1 2
40501c695.jpg,1 2
40727ae19.jpg,1 2
40aca88ed.jpg,1 2
40f22dffa.jpg,1 2
410497523.jpg,1 2
410a5aaa5.jpg,1 2
410f109cd.jpg,1 2
41a3edb86.jpg,1 2
41d558a9a.jpg,1 2
4207e0b85.jpg,1 2
421036e2d.jpg,1 2
4210d8449.jpg,1 2
4213d3152.jpg,1 2
421b0f4cf.jpg,1 2
425a4b547.jpg,1 2
4291f3a66.jpg,1 2
430f4b827.jpg,1 2
431d06f2a.jpg,1 2
431e8f3d3.jpg,1 2
437929d94.jpg,1 2
43b7cb8d1.jpg,1 2
43cf30b33.jpg,1 2
44175789d.jpg,1 2
441b8014d.jpg,1 2
4486060b8.jpg,1 2
4490727f1.jpg,1 2
44b7dd30a.jpg,1 2
450503d74.jpg,1 2
451ed8bc8.jpg,1 2
4546b5d2f.jpg,1 2
45db6608a.jpg,1 2
4633b7a3b.jpg,1 2
466713d4b.jpg,1 2
468b1264f.jpg,1 2
46c35931d.jpg,1 2
46dba7e94.jpg,1 2
471eb1597.jpg,1 2
477e0be40.jpg,1 2
477f8abde.jpg,1 2
477f96e8d.jpg,1 2
47bff0ecb.jpg,1 2
47c651171.jpg,1 2
47f7524d2.jpg,1 2
47ff6a7b9.jpg,1 2
47ff8249f.jpg,1 2
4874ec651.jpg,1 2
48b44a5f9.jpg,1 2
48d540cf8.jpg,1 2
4906a8ac1.jpg,1 2
4929b77f5.jpg,1 2
498d691c5.jpg,1 2
49d396b3f.jpg,1 2
49ee0d645.jpg,1 2
4a1ea025b.jpg,1 2
4a321adab.jpg,1 2
4a41a7f4a.jpg,1 2
4a57f87f8.jpg,1 2
4affe79e3.jpg,1 2
4b16e0bb6.jpg,1 2
4b4999539.jpg,1 2
4b8874615.jpg,1 2
4b8a139f8.jpg,1 2
4b9801bd4.jpg,1 2
4bcc4d36e.jpg,1 2
4be82e791.jpg,1 2
4be951528.jpg,1 2
4c04d9aae.jpg,1 2
4c0e71dec.jpg,1 2
4c1033b93.jpg,1 2
4c19cff83.jpg,1 2
4c1e3b1f0.jpg,1 2
4c5587d29.jpg,1 2
4ca62b9a9.jpg,1 2
4d3e6a712.jpg,1 2
4d7411d7f.jpg,1 2
4de872ad5.jpg,1 2
4ded8a794.jpg,1 2
4e74aceaa.jpg,1 2
4e74beb23.jpg,1 2
4e79f2933.jpg,1 2
4ed487a6a.jpg,1 2
4f171fbfb.jpg,1 2
4f749b737.jpg,1 2
4f7c4c3f2.jpg,1 2
4f9a687e5.jpg,1 2
4fa47b811.jpg,1 2
4fe2d3625.jpg,1 2
4feb6b2dc.jpg,1 2
4ff9a0d31.jpg,1 2
4fff25304.jpg,1 2
5029824f7.jpg,1 2
5054b9edb.jpg,1 2
5066df638.jpg,1 2
5099370c0.jpg,1 2
50e86c8c7.jpg,1 2
51017e555.jpg,1 2
511ef99f3.jpg,1 2
51a30d9d9.jpg,1 2
51a5e813c.jpg,1 2
51bd3dc60.jpg,1 2
51d738ef0.jpg,1 2
521170c84.jpg,1 2
521b35f8d.jpg,1 2
52662fae4.jpg,1 2
52a7b6855.jpg,1 2
52c81bae4.jpg,1 2
52cdbdf2d.jpg,1 2
52ed5d925.jpg,1 2
5314e3424.jpg,1 2
534312431.jpg,1 2
537f30e64.jpg,1 2
53b2bccc8.jpg,1 2
53f03afe9.jpg,1 2
54130a94b.jpg,1 2
54623a9c7.jpg,1 2
5470b520c.jpg,1 2
548d647d7.jpg,1 2
554b7d4e9.jpg,1 2
554f0a693.jpg,1 2
555f4aa3b.jpg,1 2
556c64472.jpg,1 2
559be0163.jpg,1 2
55dbd87e1.jpg,1 2
55e020bc5.jpg,1 2
5612d4e7a.jpg,1 2
5618bff64.jpg,1 2
56990455f.jpg,1 2
56a654e0f.jpg,1 2
56c244b16.jpg,1 2
56f3173da.jpg,1 2
574ab9557.jpg,1 2
577bed75b.jpg,1 2
57ec026f8.jpg,1 2
585759170.jpg,1 2
585fe6cf5.jpg,1 2
5866fa47d.jpg,1 2
586d0d233.jpg,1 2
5878d5fc5.jpg,1 2
588575168.jpg,1 2
58880f4b1.jpg,1 2
58d09c78f.jpg,1 2
58f6da3f5.jpg,1 2
5905708b7.jpg,1 2
592617bc6.jpg,1 2
59575cd5a.jpg,1 2
59791986d.jpg,1 2
59e73b5d6.jpg,1 2
59f322636.jpg,1 2
5a0b63269.jpg,1 2
5a148453a.jpg,1 2
5a22e8e45.jpg,1 2
5a29b2c78.jpg,1 2
5a3fcbd22.jpg,1 2
5a64d65bd.jpg,1 2
5a77cb2a6.jpg,1 2
5aaaa448e.jpg,1 2
5b09450a0.jpg,1 2
5b1237740.jpg,1 2
5b3aaaa43.jpg,1 2
5b69313f2.jpg,1 2
5b748a65a.jpg,1 2
5c14d2bc4.jpg,1 2
5c1715411.jpg,1 2
5d5b2c226.jpg,1 2
5d7427463.jpg,1 2
5d80d65d7.jpg,1 2
5d889e2b5.jpg,1 2
5d96dbbc0.jpg,1 2
5dc129bed.jpg,1 2
5e34f33d8.jpg,1 2
5ebd02ee3.jpg,1 2
5eccb3ba3.jpg,1 2
5ee979156.jpg,1 2
5efc27fa3.jpg,1 2
5f4383602.jpg,1 2
5f484541b.jpg,1 2
5fa7587a4.jpg,1 2
5fb5e2059.jpg,1 2
5ffaf336e.jpg,1 2
600140034.jpg,1 2
6005d1140.jpg,1 2
600f550a3.jpg,1 2
600f9f67f.jpg,1 2
602403908.jpg,1 2
6024942e4.jpg,1 2
60437a1c0.jpg,1 2
6047dffd5.jpg,1 2
604cd461a.jpg,1 2
608f51e52.jpg,1 2
60a9fe401.jpg,1 2
60fb855ff.jpg,1 2
6112cba43.jpg,1 2
61b64a878.jpg,1 2
625a92940.jpg,1 2
627d270e6.jpg,1 2
635604b59.jpg,1 2
63615bfd8.jpg,1 2
6364bbf0e.jpg,1 2
637d7e7df.jpg,1 2
6381e206b.jpg,1 2
63a0c5f10.jpg,1 2
63ced571c.jpg,1 2
63f5b8e3c.jpg,1 2
6442da37f.jpg,1 2
648b7dece.jpg,1 2
64a55eaad.jpg,1 2
64ba2411e.jpg,1 2
6552dc4fe.jpg,1 2
6553ecf79.jpg,1 2
6584cb817.jpg,1 2
65abc03cc.jpg,1 2
65c1327f7.jpg,1 2
65fc472cb.jpg,1 2
66011b2e8.jpg,1 2
6628ce2af.jpg,1 2
663687cbf.jpg,1 2
66451b529.jpg,1 2
664c46135.jpg,1 2
66606743b.jpg,1 2
66df7efea.jpg,1 2
66e779586.jpg,1 2
66f040d94.jpg,1 2
679bb684f.jpg,1 2
67c6c8975.jpg,1 2
67f57b9fa.jpg,1 2
684033625.jpg,1 2
6859fe8f8.jpg,1 2
688998679.jpg,1 2
68a27d033.jpg,1 2
68aafabe8.jpg,1 2
68d3cf956.jpg,1 2
68f06e55c.jpg,1 2
68f6d8ab5.jpg,1 2
690bedc05.jpg,1 2
69697100d.jpg,1 2
698010dac.jpg,1 2
6a6a581b1.jpg,1 2
6ad583e56.jpg,1 2
6af34c1ec.jpg,1 2
6afdd2d56.jpg,1 2
6b08d6ba3.jpg,1 2
6b316a196.jpg,1 2
6b880ff30.jpg,1 2
6b8a2e230.jpg,1 2
6c0d7691f.jpg,1 2
6c540d3b7.jpg,1 2
6c8983b68.jpg,1 2
6cb31ca32.jpg,1 2
6cd9f6a6e.jpg,1 2
6d5eeb6f2.jpg,1 2
6d961ef7c.jpg,1 2
6d9cd5a91.jpg,1 2
6da323c0d.jpg,1 2
6dbbe352e.jpg,1 2
6dbe61447.jpg,1 2
6dd06b5ef.jpg,1 2
6dd222bec.jpg,1 2
6ddbeda8f.jpg,1 2
6e081f8df.jpg,1 2
6e396c40c.jpg,1 2
6e3fe69c4.jpg,1 2
6e4ab1016.jpg,1 2
6e79b19c6.jpg,1 2
6ecb5f842.jpg,1 2
6f066529a.jpg,1 2
6f1cbb177.jpg,1 2
6fb593a47.jpg,1 2
6fbffdcec.jpg,1 2
7014ec5f1.jpg,1 2
70989be57.jpg,1 2
70ae6572e.jpg,1 2
70d4fce47.jpg,1 2
70d703627.jpg,1 2
70f9799bb.jpg,1 2
710d1a64b.jpg,1 2
710d1f739.jpg,1 2
7175f470e.jpg,1 2
71873f4d7.jpg,1 2
71908dd9e.jpg,1 2
71a007f29.jpg,1 2
71b004304.jpg,1 2
71c307654.jpg,1 2
71dcbc0a9.jpg,1 2
7206a96ad.jpg,1 2
72390aa65.jpg,1 2
72458aa27.jpg,1 2
7272882ed.jpg,1 2
72cc3937c.jpg,1 2
72d0fabe6.jpg,1 2
72e70a454.jpg,1 2
7321613b9.jpg,1 2
733ce069e.jpg,1 2
73d4b68cd.jpg,1 2
73e6309ee.jpg,1 2
73f93db79.jpg,1 2
74059bf9d.jpg,1 2
7434d1806.jpg,1 2
7442f77cc.jpg,1 2
748f198ad.jpg,1 2
74d77931e.jpg,1 2
74d9b64bc.jpg,1 2
75085a056.jpg,1 2
750d32002.jpg,1 2
754f6d899.jpg,1 2
7589f14ff.jpg,1 2
758b6f870.jpg,1 2
7592f9697.jpg,1 2
75a08df9d.jpg,1 2
75e1882cb.jpg,1 2
760b9a5fa.jpg,1 2
76222996f.jpg,1 2
762ec6f06.jpg,1 2
7632ef497.jpg,1 2
763b6dd22.jpg,1 2
763fdd648.jpg,1 2
76bd44ea5.jpg,1 2
781efcc9f.jpg,1 2
7860a25d1.jpg,1 2
78a36fba0.jpg,1 2
78a671c2f.jpg,1 2
7900a8df0.jpg,1 2
7903624b6.jpg,1 2
791be426b.jpg,1 2
7934318f9.jpg,1 2
79478ae9a.jpg,1 2
79af10336.jpg,1 2
79bf6ece2.jpg,1 2
79ec602af.jpg,1 2
79fb0218c.jpg,1 2
7a30556e8.jpg,1 2
7a54a93a9.jpg,1 2
7a6c0e1a3.jpg,1 2
7aba59bb0.jpg,1 2
7b54ce9f6.jpg,1 2
7b5d712c2.jpg,1 2
7bfe5fff9.jpg,1 2
7c1b70be7.jpg,1 2
7c42df79a.jpg,1 2
7c4a931ef.jpg,1 2
7c804d407.jpg,1 2
7ca33667d.jpg,1 2
7cf686286.jpg,1 2
7d20beed3.jpg,1 2
7d25b2f74.jpg,1 2
7ddbba44c.jpg,1 2
7df51fedb.jpg,1 2
7e2a585d8.jpg,1 2
7e5feb51e.jpg,1 2
7e7415a18.jpg,1 2
7e78a4358.jpg,1 2
7e8c33d28.jpg,1 2
7ea7e10f8.jpg,1 2
7f1be4b70.jpg,1 2
7f752545b.jpg,1 2
7f8ab5528.jpg,1 2
7f8da25ec.jpg,1 2
7fc10769e.jpg,1 2
7fd191e0c.jpg,1 2
7fd652313.jpg,1 2
7fed834b0.jpg,1 2
8020b3f2f.jpg,1 2
803ba7eda.jpg,1 2
804d63948.jpg,1 2
80643e9d4.jpg,1 2
80cdb75c8.jpg,1 2
8102cb5f3.jpg,1 2
8132c845b.jpg,1 2
815f008eb.jpg,1 2
816084869.jpg,1 2
819f45251.jpg,1 2
81c28d0d1.jpg,1 2
81fd066f0.jpg,1 2
824c5a7c2.jpg,1 2
8298f99af.jpg,1 2
82a0df145.jpg,1 2
82c186fa9.jpg,1 2
82ef66bed.jpg,1 2
831a667a9.jpg,1 2
833713cfa.jpg,1 2
833f5d094.jpg,1 2
834f0cf4f.jpg,1 2
837873636.jpg,1 2
83a703c89.jpg,1 2
83b8778f2.jpg,1 2
83b9613e3.jpg,1 2
83c961fa3.jpg,1 2
841aa8f4f.jpg,1 2
84389b7d3.jpg,1 2
844113b84.jpg,1 2
84842dbe9.jpg,1 2
84dacfa18.jpg,1 2
84e79e98c.jpg,1 2
85925c578.jpg,1 2
85a667511.jpg,1 2
85f3f1d11.jpg,1 2
861e97f62.jpg,1 2
86401cc74.jpg,1 2
865a696b8.jpg,1 2
86796c9fd.jpg,1 2
868d8da79.jpg,1 2
86afcbd61.jpg,1 2
86f97bd0f.jpg,1 2
86fcee369.jpg,1 2
8711641ce.jpg,1 2
8736d39ec.jpg,1 2
873a9b38c.jpg,1 2
8752531aa.jpg,1 2
876c7a35e.jpg,1 2
87da78318.jpg,1 2
8808327d0.jpg,1 2
8816e9bb7.jpg,1 2
883b22f3c.jpg,1 2
8840c49d3.jpg,1 2
887882de4.jpg,1 2
8884f6e78.jpg,1 2
88aca5599.jpg,1 2
88b8f10ee.jpg,1 2
88c121132.jpg,1 2
88dbfbbd5.jpg,1 2
88ee87271.jpg,1 2
88f8593f7.jpg,1 2
890a3036b.jpg,1 2
890d536c8.jpg,1 2
8917bf6e4.jpg,1 2
8920249aa.jpg,1 2
89489a9f7.jpg,1 2
895d78a75.jpg,1 2
8975c3672.jpg,1 2
89ab00c42.jpg,1 2
89b00f54f.jpg,1 2
89d8fedad.jpg,1 2
89de40e55.jpg,1 2
8a50446ca.jpg,1 2
8a51199c5.jpg,1 2
8a569e07e.jpg,1 2
8a75b7ef0.jpg,1 2
8a7948464.jpg,1 2
8ad90319c.jpg,1 2
8aef9f172.jpg,1 2
8afbac0f2.jpg,1 2
8b2e37411.jpg,1 2
8b45677de.jpg,1 2
8bf904e71.jpg,1 2
8c01efefb.jpg,1 2
8c4f784f3.jpg,1 2
8c7470606.jpg,1 2
8c78f2c1f.jpg,1 2
8cfda83da.jpg,1 2
8d0bf3611.jpg,1 2
8d0d4bb06.jpg,1 2
8d322f5fb.jpg,1 2
8d5fabf78.jpg,1 2
8d671af40.jpg,1 2
8d75f2a19.jpg,1 2
8d910b805.jpg,1 2
8dc44cc01.jpg,1 2
8de281f99.jpg,1 2
8e1f8f92d.jpg,1 2
8e33af54a.jpg,1 2
8e39008ae.jpg,1 2
8e5b5af8e.jpg,1 2
8e8c57c07.jpg,1 2
8e988a17e.jpg,1 2
8eb8e6846.jpg,1 2
8ee5a3522.jpg,1 2
8ef326629.jpg,1 2
8f4bada45.jpg,1 2
8f4ecad63.jpg,1 2
8fa431e95.jpg,1 2
8fdc46876.jpg,1 2
8fddd9662.jpg,1 2
8fe087bf1.jpg,1 2
8fe78a85b.jpg,1 2
8ff37150f.jpg,1 2
9090d299f.jpg,1 2
90b4165e5.jpg,1 2
90e2b5b9c.jpg,1 2
91235cb7e.jpg,1 2
916692db8.jpg,1 2
916703c83.jpg,1 2
916aa21ea.jpg,1 2
91926a0a8.jpg,1 2
9196798a9.jpg,1 2
91a341ec5.jpg,1 2
91ad9c696.jpg,1 2
92340f720.jpg,1 2
926e9f7b6.jpg,1 2
9295a3520.jpg,1 2
931190bf6.jpg,1 2
9340c2b58.jpg,1 2
93b4fbbbf.jpg,1 2
940ce1f4f.jpg,1 2
9427ce717.jpg,1 2
943f2aad6.jpg,1 2
947df9780.jpg,1 2
94a0739b4.jpg,1 2
94e6fff63.jpg,1 2
9518c62fe.jpg,1 2
9522294bc.jpg,1 2
952746232.jpg,1 2
955f78219.jpg,1 2
956cebb87.jpg,1 2
9584332e0.jpg,1 2
95cc11276.jpg,1 2
95d421174.jpg,1 2
961f08662.jpg,1 2
966217208.jpg,1 2
966fd0b65.jpg,1 2
9699e198d.jpg,1 2
969a77f63.jpg,1 2
96c2a068c.jpg,1 2
96dc9e4ab.jpg,1 2
9707edaad.jpg,1 2
97094f224.jpg,1 2
9766a8371.jpg,1 2
97a255a3e.jpg,1 2
97c7d7aa7.jpg,1 2
97ec638f3.jpg,1 2
984f1f578.jpg,1 2
98f5ed3de.jpg,1 2
98fc032fc.jpg,1 2
991dae1fa.jpg,1 2
9936c45c5.jpg,1 2
997fa0659.jpg,1 2
99bc6e592.jpg,1 2
99e0b2631.jpg,1 2
99e6e28f3.jpg,1 2
9a3201fff.jpg,1 2
9a40d6f91.jpg,1 2
9a674866f.jpg,1 2
9a7e467f0.jpg,1 2
9a88bf5c8.jpg,1 2
9b1ecd1ad.jpg,1 2
9b29e0c41.jpg,1 2
9b2ee47bf.jpg,1 2
9b5bed52d.jpg,1 2
9b7d7a780.jpg,1 2
9bc423823.jpg,1 2
9be682b3d.jpg,1 2
9befebc2f.jpg,1 2
9c7d86e96.jpg,1 2
9ca29d633.jpg,1 2
9cf1d0f69.jpg,1 2
9d5665c6a.jpg,1 2
9d61617f2.jpg,1 2
9d75278d0.jpg,1 2
9dd3e073e.jpg,1 2
9e3068160.jpg,1 2
9e3193dd3.jpg,1 2
9e329f2a1.jpg,1 2
9e67035ee.jpg,1 2
9e909dd63.jpg,1 2
9ed131d64.jpg,1 2
9ee1c95b4.jpg,1 2
9ee7ee83f.jpg,1 2
9f0cea84d.jpg,1 2
9f233b5c4.jpg,1 2
9f35b0e0c.jpg,1 2
9f5f8f807.jpg,1 2
9f6b9f230.jpg,1 2
9f6e82b06.jpg,1 2
9f7fa6f16.jpg,1 2
9fa626e17.jpg,1 2
9fca83014.jpg,1 2
a022c83e0.jpg,1 2
a070bc80c.jpg,1 2
a0829afc4.jpg,1 2
a0890d40b.jpg,1 2
a09d84397.jpg,1 2
a0e5f1189.jpg,1 2
a0fba3164.jpg,1 2
a1619ef43.jpg,1 2
a1acf2b42.jpg,1 2
a1e581cb0.jpg,1 2
a1f1ba509.jpg,1 2
a2065e9af.jpg,1 2
a22f19c15.jpg,1 2
a24e90377.jpg,1 2
a25128e97.jpg,1 2
a298e484d.jpg,1 2
a2e341f59.jpg,1 2
a31e2b241.jpg,1 2
a32060d77.jpg,1 2
a34165b74.jpg,1 2
a347f7330.jpg,1 2
a39cbe6ad.jpg,1 2
a3c371598.jpg,1 2
a456cbed0.jpg,1 2
a45b6ebf0.jpg,1 2
a4942a132.jpg,1 2
a4a9866bc.jpg,1 2
a4e31dee7.jpg,1 2
a519225c2.jpg,1 2
a521bf664.jpg,1 2
a54013554.jpg,1 2
a56d255df.jpg,1 2
a58b048b5.jpg,1 2
a59eaa0f1.jpg,1 2
a5b7a00e0.jpg,1 2
a5c2aff1a.jpg,1 2
a5e371501.jpg,1 2
a60ee1388.jpg,1 2
a65ae5257.jpg,1 2
a6695a47e.jpg,1 2
a677581b4.jpg,1 2
a7136aaaf.jpg,1 2
a79af56e0.jpg,1 2
a7b56e92b.jpg,1 2
a7eeada14.jpg,1 2
a81a6efa4.jpg,1 2
a81b475ea.jpg,1 2
a82bebb5d.jpg,1 2
a84300835.jpg,1 2
a88c340e8.jpg,1 2
a8a13606e.jpg,1 2
a903db2af.jpg,1 2
a90431ea6.jpg,1 2
a94b075c7.jpg,1 2
a94ebd16c.jpg,1 2
a97fb2791.jpg,1 2
a9983d43f.jpg,1 2
a9afe2df0.jpg,1 2
aa0c4a521.jpg,1 2
aa36a5225.jpg,1 2
aaa148cd5.jpg,1 2
aad9987a8.jpg,1 2
aae658566.jpg,1 2
aafcbfd36.jpg,1 2
ab59d1fa2.jpg,1 2
ab66f77c2.jpg,1 2
ab863b41c.jpg,1 2
abaf1e2d0.jpg,1 2
abc0826e9.jpg,1 2
abc95f3a0.jpg,1 2
ac2b75051.jpg,1 2
ac5b0cc81.jpg,1 2
ac63a471a.jpg,1 2
ac66fdbce.jpg,1 2
ac7bdc26a.jpg,1 2
ac9e20ec9.jpg,1 2
acd4d71bd.jpg,1 2
acf0301b0.jpg,1 2
ad17b437a.jpg,1 2
ad36c9bdf.jpg,1 2
ad8f0a5d9.jpg,1 2
ada096840.jpg,1 2
adc4f2ae4.jpg,1 2
ae1d7fb00.jpg,1 2
ae8e83561.jpg,1 2
aea8c0613.jpg,1 2
aeb0bf458.jpg,1 2
aebf7d6e1.jpg,1 2
aedfbd00a.jpg,1 2
aefa707bc.jpg,1 2
af4579df8.jpg,1 2
af5ce50e0.jpg,1 2
af805ade0.jpg,1 2
afeabf66e.jpg,1 2
b01cc91f4.jpg,1 2
b0687a7e1.jpg,1 2
b0c431c86.jpg,1 2
b0cdae30c.jpg,1 2
b1871209d.jpg,1 2
b18e3b2ca.jpg,1 2
b1b89cf12.jpg,1 2
b1cabb851.jpg,1 2
b1cba4595.jpg,1 2
b27a8b8de.jpg,1 2
b28c83109.jpg,1 2
b2cca1dd3.jpg,1 2
b2e11ecb0.jpg,1 2
b2ff9ee34.jpg,1 2
b36cb4000.jpg,1 2
b398483ba.jpg,1 2
b39bcff04.jpg,1 2
b3d35e83e.jpg,1 2
b3fb76f21.jpg,1 2
b41fd2680.jpg,1 2
b434d2e87.jpg,1 2
b43c8fdad.jpg,1 2
b4b3caa34.jpg,1 2
b4b88ca48.jpg,1 2
b4e65145a.jpg,1 2
b4f32d63e.jpg,1 2
b4f41b89f.jpg,1 2
b502bc228.jpg,1 2
b52c868b0.jpg,1 2
b54106a79.jpg,1 2
b54f6d7d6.jpg,1 2
b5ab681f3.jpg,1 2
b5b2a41f2.jpg,1 2
b61e1f132.jpg,1 2
b628e0bf7.jpg,1 2
b62cb36d7.jpg,1 2
b66803f86.jpg,1 2
b6b5ce180.jpg,1 2
b6bff32d3.jpg,1 2
b6ce73527.jpg,1 2
b6e4218c1.jpg,1 2
b6e835d6f.jpg,1 2
b728c537d.jpg,1 2
b7318c374.jpg,1 2
b738d18f4.jpg,1 2
b7862a030.jpg,1 2
b7886ff47.jpg,1 2
b7b524a33.jpg,1 2
b7b734f78.jpg,1 2
b7efff746.jpg,1 2
b80d2898a.jpg,1 2
b835757ae.jpg,1 2
b8383103c.jpg,1 2
b8bb02ec2.jpg,1 2
b91831357.jpg,1 2
b91e07a71.jpg,1 2
b9468036a.jpg,1 2
b95d6dd9c.jpg,1 2
b9abfa441.jpg,1 2
b9b6f8090.jpg,1 2
b9cde8924.jpg,1 2
b9df99e42.jpg,1 2
ba2bf8f9f.jpg,1 2
ba3d2b3f5.jpg,1 2
ba65a95d7.jpg,1 2
ba71c48d7.jpg,1 2
babddc6c5.jpg,1 2
bb0da1d3d.jpg,1 2
bb2b3fe86.jpg,1 2
bb86e3d6a.jpg,1 2
bb91990f7.jpg,1 2
bbca02488.jpg,1 2
bc195e45b.jpg,1 2
bc4fa7d4d.jpg,1 2
bc66cc730.jpg,1 2
bc9e3114f.jpg,1 2
bca231cdc.jpg,1 2
bcb84cbc5.jpg,1 2
bcbd29fb5.jpg,1 2
bccf7625e.jpg,1 2
bcf273fa1.jpg,1 2
bd12f09da.jpg,1 2
bd138be27.jpg,1 2
bd29676de.jpg,1 2
bdb1fb2db.jpg,1 2
be3b1ad17.jpg,1 2
be70c21e6.jpg,1 2
be769faae.jpg,1 2
be88aea8b.jpg,1 2
beac22e40.jpg,1 2
beb567d35.jpg,1 2
beb65eb67.jpg,1 2
bebb3dbd8.jpg,1 2
beec9b7f1.jpg,1 2
bf0e4438b.jpg,1 2
bf36ef743.jpg,1 2
bf54d48dd.jpg,1 2
bf5cfa4b0.jpg,1 2
bf7aa3e8e.jpg,1 2
bfa04ed0f.jpg,1 2
bfe8dd55d.jpg,1 2
c02ac596b.jpg,1 2
c0358d6fd.jpg,1 2
c03b7c4ca.jpg,1 2
c07682ea5.jpg,1 2
c09564302.jpg,1 2
c0b6704ba.jpg,1 2
c0c6fb0bd.jpg,1 2
c0d5c56c3.jpg,1 2
c1301fdb9.jpg,1 2
c130c0961.jpg,1 2
c170a655e.jpg,1 2
c17b3c0d8.jpg,1 2
c1ec6ff1e.jpg,1 2
c2055cbdb.jpg,1 2
c230fb3ca.jpg,1 2
c27e94560.jpg,1 2
c28647948.jpg,1 2
c2b1df88d.jpg,1 2
c2c78b187.jpg,1 2
c2da856e9.jpg,1 2
c32adf7eb.jpg,1 2
c3432b655.jpg,1 2
c38d9e48f.jpg,1 2
c3bbbe4eb.jpg,1 2
c3e27be21.jpg,1 2
c3eec245f.jpg,1 2
c408c49b9.jpg,1 2
c433adfcd.jpg,1 2
c43773c21.jpg,1 2
c47dc9fc9.jpg,1 2
c49746f7f.jpg,1 2
c4a0befd9.jpg,1 2
c4a39b021.jpg,1 2
c4bd6f4fe.jpg,1 2
c6249e092.jpg,1 2
c64facb3f.jpg,1 2
c66dce8fd.jpg,1 2
c6815f6b2.jpg,1 2
c69ce63e1.jpg,1 2
c6dda147b.jpg,1 2
c6de54d9d.jpg,1 2
c6fe1c33d.jpg,1 2
c7185ef82.jpg,1 2
c7592bbaf.jpg,1 2
c76d7da89.jpg,1 2
c7968bec4.jpg,1 2
c81b7d882.jpg,1 2
c8528813f.jpg,1 2
c858041e7.jpg,1 2
c8f930231.jpg,1 2
c97122fc8.jpg,1 2
c9bf7705e.jpg,1 2
c9e2c18bc.jpg,1 2
ca1a3779c.jpg,1 2
ca4d18535.jpg,1 2
ca647dd1d.jpg,1 2
ca8c1c7af.jpg,1 2
caa201ef1.jpg,1 2
cac0cd640.jpg,1 2
cae8de873.jpg,1 2
cb3f501e3.jpg,1 2
cb508686e.jpg,1 2
cb57311a9.jpg,1 2
cb9d82e9a.jpg,1 2
cbb60f1b1.jpg,1 2
cbd8179fd.jpg,1 2
cc241e950.jpg,1 2
cc5ac1353.jpg,1 2
cc886165d.jpg,1 2
ccbb61bbc.jpg,1 2
ccece8906.jpg,1 2
cd1cf1989.jpg,1 2
cd444c666.jpg,1 2
cd473a2b7.jpg,1 2
cd9833936.jpg,1 2
ce9669d72.jpg,1 2
ced84e41b.jpg,1 2
cef3a5ce9.jpg,1 2
cf7a4c510.jpg,1 2
cfdd40dd7.jpg,1 2
cfe16249a.jpg,1 2
d0a6c577d.jpg,1 2
d0aef9741.jpg,1 2
d0b9c8268.jpg,1 2
d0f7f5b97.jpg,1 2
d14a4c1fb.jpg,1 2
d17a76fcd.jpg,1 2
d1b2f17de.jpg,1 2
d1f699e7b.jpg,1 2
d1fabfb70.jpg,1 2
d22a1039b.jpg,1 2
d23eaed38.jpg,1 2
d2706965b.jpg,1 2
d2d7e0a5e.jpg,1 2
d2e013f3e.jpg,1 2
d2fb96568.jpg,1 2
d307467da.jpg,1 2
d33adaec9.jpg,1 2
d38681b9e.jpg,1 2
d3b69510c.jpg,1 2
d3dd3c1d6.jpg,1 2
d40740a01.jpg,1 2
d41fb455a.jpg,1 2
d4836ecc5.jpg,1 2
d4dac15dc.jpg,1 2
d5411a044.jpg,1 2
d5b8889b0.jpg,1 2
d5ba61a5e.jpg,1 2
d5c05d747.jpg,1 2
d5d24cc47.jpg,1 2
d6030ea50.jpg,1 2
d624d8e93.jpg,1 2
d6286a37c.jpg,1 2
d6413055f.jpg,1 2
d649d3708.jpg,1 2
d68e3aadf.jpg,1 2
d6ade0cb9.jpg,1 2
d6dabfd59.jpg,1 2
d7271a700.jpg,1 2
d768cf45b.jpg,1 2
d77a7ab02.jpg,1 2
d784388bf.jpg,1 2
d791e7abf.jpg,1 2
d798fe406.jpg,1 2
d7f4ed509.jpg,1 2
d8696c536.jpg,1 2
d8a94af4f.jpg,1 2
d92882de7.jpg,1 2
d9c51c6a7.jpg,1 2
da0092712.jpg,1 2
da3ecc78c.jpg,1 2
da447bf14.jpg,1 2
da6084af7.jpg,1 2
da68d5f12.jpg,1 2
da705c5a9.jpg,1 2
db0652618.jpg,1 2
db1f61aa9.jpg,1 2
db3330d0f.jpg,1 2
db8577af5.jpg,1 2
dc0f2e22b.jpg,1 2
dc12c2120.jpg,1 2
dc55929eb.jpg,1 2
dcb0b6467.jpg,1 2
dd125ba70.jpg,1 2
dd1c30737.jpg,1 2
dd4d900b6.jpg,1 2
dd57f18e9.jpg,1 2
dd84b5ffe.jpg,1 2
dded7f810.jpg,1 2
de12d8c31.jpg,1 2
de2f5604f.jpg,1 2
de955bd2b.jpg,1 2
de9dd30b0.jpg,1 2
dec4a1cf9.jpg,1 2
def28240e.jpg,1 2
dfecadf10.jpg,1 2
dff7a31fc.jpg,1 2
e04c8ad8e.jpg,1 2
e076ce7c3.jpg,1 2
e07a64ea7.jpg,1 2
e0a9b7fc3.jpg,1 2
e0d47a2c9.jpg,1 2
e11917a16.jpg,1 2
e14d6bd12.jpg,1 2
e16dabd72.jpg,1 2
e1949128d.jpg,1 2
e19badc79.jpg,1 2
e1bf3ba3e.jpg,1 2
e1cc5da3e.jpg,1 2
e1db2e302.jpg,1 2
e1de2c268.jpg,1 2
e1dfb490e.jpg,1 2
e1f89dc11.jpg,1 2
e1fb3b279.jpg,1 2
e20f3c901.jpg,1 2
e2baaa708.jpg,1 2
e2bb30ba0.jpg,1 2
e3a32b300.jpg,1 2
e3adcb329.jpg,1 2
e3b094687.jpg,1 2
e429db3d1.jpg,1 2
e46e22d5f.jpg,1 2
e49503ea2.jpg,1 2
e4bc6af14.jpg,1 2
e4f5ab3f3.jpg,1 2
e4ffe3dd4.jpg,1 2
e51cfb01e.jpg,1 2
e5238143f.jpg,1 2
e54062826.jpg,1 2
e579d41c7.jpg,1 2
e57cb331e.jpg,1 2
e587a6233.jpg,1 2
e5ad3562c.jpg,1 2
e5c93d442.jpg,1 2
e614e6494.jpg,1 2
e61784db7.jpg,1 2
e67e0d192.jpg,1 2
e6caaaed0.jpg,1 2
e6d07b78c.jpg,1 2
e6d3bc1d4.jpg,1 2
e6e5bf2ba.jpg,1 2
e6f305765.jpg,1 2
e718487dc.jpg,1 2
e72ece917.jpg,1 2
e775441c2.jpg,1 2
e785167cb.jpg,1 2
e7a804b73.jpg,1 2
e7a8539eb.jpg,1 2
e7f008fb4.jpg,1 2
e81231073.jpg,1 2
e829e68e6.jpg,1 2
e836fd274.jpg,1 2
e8741ffc6.jpg,1 2
e8a41b481.jpg,1 2
e8af1355c.jpg,1 2
e8bd49759.jpg,1 2
e8f9aaca5.jpg,1 2
e9000784f.jpg,1 2
e9363728a.jpg,1 2
e978ff6c3.jpg,1 2
e97b83a82.jpg,1 2
ea39d684c.jpg,1 2
ea5908c13.jpg,1 2
ea76b15a3.jpg,1 2
ea921a8ca.jpg,1 2
eaecaf89c.jpg,1 2
eaf055da7.jpg,1 2
eb64dc514.jpg,1 2
eb686ae57.jpg,1 2
eb93957ac.jpg,1 2
eb9a5805e.jpg,1 2
ebb181f7f.jpg,1 2
ebd34e34d.jpg,1 2
ec02ac200.jpg,1 2
ec72cfdb8.jpg,1 2
ec72f5d1c.jpg,1 2
ed0177fd0.jpg,1 2
ed14529fa.jpg,1 2
ed63a9110.jpg,1 2
ee07e086d.jpg,1 2
ee0be851b.jpg,1 2
ee2044940.jpg,1 2
ee4023e6f.jpg,1 2
ee80606ec.jpg,1 2
ee8adf9bb.jpg,1 2
eea0d4fb1.jpg,1 2
eec231922.jpg,1 2
eec6eca89.jpg,1 2
eec964a20.jpg,1 2
eee1c49c2.jpg,1 2
eefee9434.jpg,1 2
ef0d80100.jpg,1 2
ef36841df.jpg,1 2
ef48c7718.jpg,1 2
ef51ceabf.jpg,1 2
ef6a5f630.jpg,1 2
ef6b3faa0.jpg,1 2
ef6e8e10e.jpg,1 2
efaf379c8.jpg,1 2
efca3d85d.jpg,1 2
f032b3615.jpg,1 2
f041856be.jpg,1 2
f0772b65f.jpg,1 2
f080b0081.jpg,1 2
f0ada4ad1.jpg,1 2
f0e715b80.jpg,1 2
f12f60ec2.jpg,1 2
f168865a2.jpg,1 2
f19874517.jpg,1 2
f1b2ea96c.jpg,1 2
f1c691a37.jpg,1 2
f2523039a.jpg,1 2
f2a24596b.jpg,1 2
f2b1335eb.jpg,1 2
f2b954beb.jpg,1 2
f30637ea5.jpg,1 2
f31990904.jpg,1 2
f33ed4877.jpg,1 2
f37906b3d.jpg,1 2
f3835eacd.jpg,1 2
f3c761841.jpg,1 2
f4024a353.jpg,1 2
f417476d7.jpg,1 2
f41969b2e.jpg,1 2
f4303065d.jpg,1 2
f45910bf9.jpg,1 2
f47d8b027.jpg,1 2
f490c7b8c.jpg,1 2
f4bf1d5a8.jpg,1 2
f4f0be523.jpg,1 2
f548ddc94.jpg,1 2
f55acc33b.jpg,1 2
f55ff1b07.jpg,1 2
f593e7665.jpg,1 2
f59f3a0a2.jpg,1 2
f5d9008dc.jpg,1 2
f5f0aa9f9.jpg,1 2
f5fd9fe72.jpg,1 2
f618e0643.jpg,1 2
f619fa8f2.jpg,1 2
f6417f953.jpg,1 2
f64730aa4.jpg,1 2
f6d8b7e95.jpg,1 2
f6f48a0aa.jpg,1 2
f72c9b4ed.jpg,1 2
f746bf23b.jpg,1 2
f75305f79.jpg,1 2
f7b33b0ed.jpg,1 2
f7b7e4784.jpg,1 2
f7ed60f02.jpg,1 2
f7fb17fe1.jpg,1 2
f83894871.jpg,1 2
f8571b2c3.jpg,1 2
f925b22a0.jpg,1 2
f92821da4.jpg,1 2
f9410cbca.jpg,1 2
fa1286918.jpg,1 2
fa40d8ac0.jpg,1 2
fa5cc62d7.jpg,1 2
fa7139ea5.jpg,1 2
fa941b3ca.jpg,1 2
faa3949e2.jpg,1 2
fad4efb89.jpg,1 2
fb0f3a5af.jpg,1 2
fb215d2db.jpg,1 2
fb3481cd9.jpg,1 2
fb43a0e58.jpg,1 2
fb5363f3a.jpg,1 2
fb5e4646c.jpg,1 2
fba59e64b.jpg,1 2
fbc019dae.jpg,1 2
fbc825b41.jpg,1 2
fbf798cb9.jpg,1 2
fbfd54593.jpg,1 2
fc0c1f127.jpg,1 2
fc4d30c82.jpg,1 2
fc5097cdc.jpg,1 2
fce501139.jpg,1 2
fcfb17f2b.jpg,1 2
fd4cfb0f0.jpg,1 2
fd8f60c03.jpg,1 2
fdc5c22a9.jpg,1 2
fdc8a14e7.jpg,1 2
fdd9fe44a.jpg,1 2
fe29e561f.jpg,1 2
fe2a7d431.jpg,1 2
fe512aa9e.jpg,1 2
fe5ac551c.jpg,1 2
fe85b3926.jpg,1 2
fe8c8ea67.jpg,1 2
fea0f1c35.jpg,1 2
ff309fa24.jpg,1 2
ff6c65843.jpg,1 2
ff8aa35ba.jpg,1 2
ff92351d6.jpg,1 2
ffb181e52.jpg,1 2
ffd1c8b6e.jpg,1 2
fff0fd44f.jpg,1 2
